fret,below_cutoff,price_dist,lag_ret,vol,vol_x_lagret,hour_of_day,day_of_week,lag_ret_eth,lag_ret_xrp,lag_ret_neg,netflow_bitt,netflow_huob,netflow_krak,netflow_aggplbt
22.455671,0.0,22.78302,-0.038491108,0.05852732,-0.0022527813,14,5,-0.036855288,-0.009819966,1,-22.4445,0.0,0.0,-50.363976
13.118032,1.0,-0.117004395,-0.022389915,0.056409843,-0.0012630116,15,5,-0.06155766,0.047933865,1,0.5865637,0.0,-12.5,59.855175
-71.9837,1.0,-23.945007,-0.023830792,0.066529736,-0.0015854563,16,5,0.024903106,0.10725553,0,0.050400004,0.0,0.02975,409.39575
-163.66183,0.0,5.84198,0.030517735,0.0751371,0.0022930142,17,5,0.012270563,-0.035612542,0,-31.320002,0.0,191.09125,-35.868534
13.1986475,0.0,5.892029,4.9758142e-05,0.07639656,3.801351e-06,18,5,-0.014765108,0.007385512,1,0.0,0.0,-9.85,-11.127779
-122.41957,1.0,-20.896973,-0.026632084,0.07800158,-0.0020773446,19,5,-0.030623334,0.02492674,0,-4.52694,0.0,0.0,-38.090836
41.914635,1.0,-16.013977,0.0049872133,0.07758546,0.00038693522,20,5,0.008666518,0.037195943,1,-24.679066,0.0,0.0,10.936733
-3.4708996,1.0,-43.028015,-0.027453681,0.079865955,-0.0021926144,21,5,-0.052078757,-0.02758616,0,-29.8106,0.0,-4.4075003,103.38372
176.03949,1.0,-17.739014,0.026426062,0.08326211,0.0022002896,22,5,0.015262693,0.012765923,1,-1.0001,0.0,8.118629,98.24648
65.92964,1.0,-32.111023,0.021846581,0.08960472,0.0019575567,0,6,0.055848908,-0.032348853,0,7.534342,0.0,0.0,4.298565
8.561616,1.0,-19.711975,0.012810403,0.0898567,0.0011511005,1,6,0.04385965,-0.055232506,0,0.0,0.0,0.0,45.500042
-22.71738,1.0,-1.914978,0.018154865,0.09259701,0.0016810861,2,6,0.048711438,0.018461535,0,-3.117325,0.0,57.441956,182.87262
6.7627783,0.0,11.478027,0.0134187015,0.0911552,0.0012231844,3,6,0.06458504,-0.003021171,1,-5.97265,0.0,34.315,181.32315
29.414259,1.0,-0.45202637,-0.011794674,0.09120909,-0.0010757815,4,6,-0.049702663,-0.0015151631,0,0.0601388,0.0,0.0,105.82541
3.5663345,0.0,0.4920044,0.00094445766,0.090571284,8.554074e-05,5,6,-0.0008712891,-0.0015174623,0,0.0,0.0,0.0,56.351074
-68.47614,0.0,4.5289917,0.004035002,0.09214269,0.00037179596,6,6,0.023967484,-0.012158006,1,0.0,0.0,0.0,6.10396
-58.324333,0.0,1.5650024,-0.002950626,0.09191102,-0.00027119502,7,6,-0.012903226,-0.0015384732,0,0.0,0.0,0.2346,4.132162
-32.367176,0.0,9.317017,0.007739901,0.09181641,0.00071064994,8,6,0.00065363466,0.0,1,1.4999005,0.0,0.0,0.31299293
59.47585,0.0,5.5629883,-0.0037193748,0.09181505,-0.00034149457,9,6,0.0020378605,0.009244991,1,0.0,0.0,0.0,-29.480955
2.3047767,1.0,-19.137024,-0.024563367,0.091132164,-0.0022385127,10,6,-0.01744329,0.012213762,0,-0.29880434,0.0,4.99975,74.069046
6.5227885,1.0,-8.557983,0.010785442,0.09211544,0.0009935057,11,6,-0.015019586,0.01960778,0,0.0,0.0,0.212,-40.372276
97.82905,1.0,-4.5250244,0.0040677707,0.09214561,0.00037482718,12,6,0.017888933,0.04437876,0,0.7348,0.0,0.0,24.265356
178.47345,1.0,-1.5490112,0.002989541,0.09058129,0.00027079647,13,6,-0.007463911,-0.012747906,1,0.34032077,0.0,-1.1011014,-5.1401787
127.60833,1.0,-7.9050293,-0.006365879,0.08564824,-0.0005452263,14,6,-0.013333334,-0.030129153,0,0.005,0.0,0.0,-56.66175
57.902416,1.0,-2.6140137,0.0053331745,0.08394174,0.00044767596,15,6,0.022972932,0.020710079,0,0.0,0.0,31.697,91.924706
26.328873,0.0,27.687988,0.030381419,0.07684292,0.0023345968,16,6,0.034636747,-0.004347792,0,0.0,0.0,0.0,-113.14867
49.13079,0.0,46.009033,0.017827438,0.07461398,0.0013301761,17,6,0.009116271,-0.010189238,1,-0.50095,0.0,0.0,-7.0159507
-12.05335,0.0,35.625977,-0.0099263545,0.07618793,-0.0007562684,18,6,0.017106095,-0.0073529286,0,0.0,0.0,37.653,31.381233
-53.195587,0.0,45.432983,0.009469641,0.07120565,0.000674292,19,6,0.03644823,-0.0029629855,0,0.0,0.0,0.0,28.180641
-30.2073,0.0,41.577026,-0.008885602,0.065526284,-0.00058224046,22,6,0.047547992,-0.008941877,1,0.065643884,0.0,-1.15782,115.75378
52.592937,0.0,37.42395,-0.003987296,0.060379874,-0.00024075243,23,6,-0.011135857,0.009022555,1,0.0,0.0,-14.25025,-21.123362
46.888622,0.0,18.026001,-0.01869819,0.059354626,-0.001109824,0,0,-0.027770307,-0.0029805794,0,-50.237503,0.0,-2.959455,-39.736134
28.715273,0.0,22.359009,0.004256284,0.059275683,0.00025229412,1,0,-0.006972889,-0.013452947,0,0.0,0.0,0.0,-87.189476
-11.955753,0.0,27.859009,0.005379715,0.056719523,0.00030513486,2,0,-0.0027061338,0.0,0,-0.725,0.0,37.835,-34.73702
-38.965157,0.0,34.171997,0.0061418815,0.056712437,0.00034832107,3,0,-0.007461994,0.050000027,0,0.0,0.0,-12.55,-134.18674
-31.011608,0.0,36.803955,0.0025449905,0.056313764,0.000143318,4,0,0.013386458,0.00432897,1,0.0,0.0,-10.25,-13.142537
-49.920498,0.0,36.729004,-7.229059e-05,0.05627962,-4.0684868e-06,5,0,-0.028582063,-0.038793065,1,-0.49,0.0,-7.9,-5.526469
14.232803,0.0,30.447021,-0.006059426,0.055104416,-0.00033390112,6,0,0.016279634,0.0014947101,1,0.0,0.0,0.0,-4.1857824
39.366207,0.0,24.71997,-0.0055578314,0.05564495,-0.00030926525,7,0,0.02058894,-0.014925349,0,-0.5,0.0,0.0,5.083793
100.297035,0.0,27.090942,0.0023137752,0.055997115,0.00012956474,8,0,-0.0051704096,0.0060605817,1,0.0,0.0,-19.3625,-39.14589
59.759815,0.0,15.041016,-0.011732093,0.05672306,-0.0006654802,9,0,-0.0037354827,0.019578323,0,0.0,0.0,-11.45,-21.980623
41.64399,0.0,32.093018,-0.014166199,0.09380613,-0.0013288764,18,2,0.0065184077,0.008171666,1,0.0,0.0,0.0,-20.333559
-5.2013035,0.0,31.384033,-0.00068693847,0.08709255,-5.9827224e-05,19,2,-0.0030476162,0.0,0,2.457816,0.0,-12.5,28.31456
2.7759838,0.0,39.30298,0.0076779793,0.08440894,0.0006480901,20,2,0.012896432,0.002026358,1,0.0,0.0,55.657932,81.78125
15.768936,0.0,38.847046,-0.00043869077,0.08236447,-3.6132533e-05,21,2,0.001377004,-0.0101113,0,-0.15,0.0,0.0,82.698944
16.688131,0.0,44.305054,0.005253909,0.0820964,0.000431327,22,2,0.012846579,0.02145048,1,0.0,0.0,-3.55,16.24982
17.838318,0.0,37.646973,-0.0063756094,0.08662658,-0.0005522973,23,2,-0.017295895,-0.000999961,0,0.4589,0.0,0.0,117.80469
-25.347847,0.0,39.67505,0.0019544954,0.08678372,0.00016961839,0,3,0.0007002034,0.016016044,0,-0.5,0.0,24.409534,13.98564
-4.7621655,0.0,49.18994,0.009151795,0.074694484,0.0006835886,1,3,-0.0010022806,0.020689582,1,0.0,0.0,0.26995,42.285324
-3.5346773,0.0,42.79004,-0.006099851,0.061924107,-0.00037772782,2,3,0.0021770003,0.010617797,0,0.0,0.0,-2.75,7.746481
5.592371,0.0,45.18799,0.0022995514,0.060805716,0.00013982586,3,3,-0.005024629,-0.0028653068,1,0.0,0.0,0.0,13.257045
13.69364,0.0,41.212036,-0.0038040546,0.061645158,-0.00023450154,4,3,0.0054676626,0.008620622,0,0.0,0.0,1.84975,5.359038
-23.56305,0.0,41.291016,7.5853415e-05,0.06041709,4.5828424e-06,5,3,-0.0058721895,0.015194709,0,7.4993997,0.0,0.0,10.118067
-42.305473,0.0,44.06897,0.002667798,0.060266577,0.00016077905,6,3,-0.0055080894,0.012160948,1,0.0049,0.0,2.0995,-11.431609
-31.450962,0.0,42.956055,-0.0010659401,0.062115468,-6.621137e-05,7,3,-0.0030366767,0.004621064,0,-0.4082,0.0,23.81225,92.68502
-11.699774,0.0,45.569946,0.0025062338,0.055865187,0.00014001122,8,3,-0.0076435716,-0.000920013,1,0.0,0.0,29.88819,84.26852
12.1737585,0.0,36.672974,-0.008509208,0.06318155,-0.000537625,9,3,-0.009883735,-0.0027624092,1,-0.1040345,0.0,0.0,-57.144062
-26.906153,0.0,29.739014,-0.0066886665,0.06384375,-0.00042702956,10,3,0.013082425,-0.022160662,0,-0.05,0.0,0.0,2.803336
-18.799503,0.0,35.672974,0.0057625864,0.08133294,0.0004686881,11,3,0.00075059116,0.019830048,1,1.5,0.0,0.0,55.349373
-28.636173,0.0,32.99695,-0.0025838518,0.084539644,-0.00021843791,12,3,0.0072115385,0.0055555115,0,0.0,0.0,17.4765,-10.178461
7.884868,0.0,33.485962,0.00047339316,0.08443457,3.9970746e-05,13,3,-0.0049833236,0.013812131,1,0.25347555,0.0,-17.959,78.14705
15.302204,0.0,27.324951,-0.005961388,0.09120904,-0.0005437325,14,3,0.009767101,0.021798447,1,0.0,0.0,4.46525,102.84665
19.096676,0.0,27.168945,-0.0001518564,0.09118328,-1.3846765e-05,15,3,-0.0063280347,0.050666597,1,2.4999,0.0,22.7435,-5.368555
-2.1626656,0.0,24.624023,-0.002477608,0.08609939,-0.00021332054,16,3,-0.0036336286,-0.0008459908,0,0.20808719,0.0,0.0,-89.07659
2.691114,0.0,29.741943,0.0049949246,0.08654537,0.0004322876,17,3,0.0006525988,-0.013547865,0,0.0,0.0,0.0,6.3768964
15.718482,0.0,31.876953,0.0020733445,0.085613444,0.00017750617,18,3,-0.0042390893,0.0,1,0.0,0.0,-0.50061846,6.451783
11.889836,0.0,30.494995,-0.0013392663,0.08805925,-0.00011793478,19,3,0.0053166063,0.0008584156,1,0.0,0.0,1.142315,-27.46734
15.043072,0.0,29.069946,-0.0013828779,0.102433376,-0.00014165285,20,3,-0.0019160834,0.026586624,0,-0.25,0.0,37.34945,-126.714615
27.173765,0.0,32.702026,0.0035294783,0.10248377,0.00036171425,21,3,0.0048186653,0.092731796,0,0.0,0.0,-2.360823,-15.247143
44.247086,0.0,35.35498,0.0025689444,0.1026512,0.00026370524,22,3,-0.008406546,0.061926614,1,-3.271994,0.0,24.69429,-152.39532
34.122692,0.0,32.73401,-0.0025314717,0.10154409,-0.00025705597,23,3,-0.0015222038,0.025917923,0,0.0,0.0,14.755501,-4.4716797
15.728534,0.0,37.355957,0.0044754487,0.101784416,0.00045553094,0,4,-0.0038015207,-0.029473713,0,0.3999,0.0,27.436,-15.133928
9.934737,0.0,43.79602,0.006208152,0.10070717,0.00062520546,1,4,-0.009123676,0.048445407,0,0.0,0.0,0.0,-14.311687
-1.3531889,0.0,46.5,0.0025905247,0.110723004,0.00028683068,2,4,0.0056105945,0.011724195,0,0.0,0.0,73.909,131.38579
-6.726833,0.0,48.005005,0.0014381318,0.11093251,0.00015953556,3,4,-0.01844863,0.042944763,0,0.112794995,0.0,14.2485,-1.017911
-13.272022,0.0,48.728027,0.0006899036,0.11073513,7.639657e-05,4,4,-0.010318669,0.20196077,0,2.3565602,0.0,72.1465,4.981046
6.591179,0.0,49.62195,0.0008523858,0.11289416,9.6229385e-05,5,4,0.01104659,-0.059271313,1,-0.15,0.0,4.9984155,17.217335
3.4025385,0.0,47.577026,-0.0019482462,0.11293722,-0.0002200295,6,4,0.0034242575,0.06531791,1,-4.2220927e-07,0.0,0.0,-17.55305
14.106342,0.0,46.610962,-0.00092218944,0.112020835,-0.00010330443,7,4,-0.016037079,0.049375962,1,0.0,0.0,-0.0213,-0.564
-15.683792,0.0,45.447998,-0.0011111711,0.11196488,-0.00012441214,8,4,0.003768889,0.113753885,0,0.0,0.0,35.76607,-53.127277
0.57512194,0.0,49.64099,0.004010714,0.10729653,0.0004303357,9,4,0.00419411,-0.074280374,1,-4.0,0.0,25.17099,-6.8897057
-4.7355537,0.0,47.668945,-0.0018787814,0.10766229,-0.0002022739,10,4,0.008571993,-0.02156474,0,-0.07439764,0.0,0.0,0.87555236
44.46045,0.0,49.86902,0.00209997,0.09483104,0.00019914233,11,4,-0.007808955,-0.028703162,1,0.0,0.0,0.0,-1.4878197
122.20045,0.0,44.69702,-0.004926326,0.09284547,-0.00045738707,12,4,0.006658112,-0.078100264,0,0.0,0.0,24.891289,9.278761
78.95994,0.0,47.829956,0.002998893,0.09286402,0.00027848926,13,4,-0.00848964,0.114481986,0,-4.929371e-07,0.0,60.0,-56.102142
42.94192,0.0,48.360962,0.0005067672,0.0861163,4.3640914e-05,14,4,-0.010473934,0.027221309,0,2.5361266,0.0,51.10546,-62.977047
5.6259036,1.0,-23.77124,0.012515698,0.02749085,0.00034406717,18,2,-0.021409823,-0.040999986,0,0.28421435,0.0,17.495,300.62405
-96.871155,1.0,-1.4086914,0.00903089,0.027419472,0.00024762223,19,2,-0.008869505,0.005018265,0,-2.744172,0.0,27.957218,42.848236
-22.610018,0.0,11.442383,0.0051433276,0.02766435,0.00014228682,20,2,-0.0071591674,-0.03404453,1,-0.5712808,0.0,-2.598698,122.8782
8.743324,1.0,-5.807617,-0.006868563,0.033331513,-0.0002289396,21,2,0.020266617,0.033499002,0,0.25583833,0.0,0.877613,74.2749
154.89792,0.0,2.7050781,0.0034130067,0.034225535,0.00011681198,22,2,0.025325242,-0.0346217,1,-4.580445,0.0,0.0,75.318214
98.52326,1.0,-23.800049,0.015409778,0.050295096,0.0007750362,0,3,-0.024767956,-0.030035473,0,0.17263384,0.0,0.86487,75.94937
9.7948065,0.0,7.942383,0.01281901,0.049817737,0.00063861406,1,3,0.022405889,-0.028724095,0,-2.403638,0.0,0.6672257,189.81746
40.842445,1.0,-4.272461,-0.038159814,0.11285334,-0.0043064626,18,3,-0.025701683,-0.05117909,0,-2.2959993,0.0,0.09112,184.12279
-241.41667,1.0,-21.918701,-0.033147644,0.12101193,-0.0040112603,20,3,-0.059561934,-0.021811252,0,-0.005001132,0.0,0.0,327.4056
-171.58046,0.0,31.19751,0.02143441,0.1288883,0.0027626446,21,3,0.027622066,0.0030089745,0,-0.7740563,0.0,0.51940656,217.82303
162.3209,0.0,16.231201,-0.029179394,0.13194284,-0.003850012,23,3,-0.025723685,0.0035842306,1,6.097214,0.0,-105.557495,423.73233
96.32309,1.0,-47.463867,0.04491683,0.14573835,0.006546105,1,4,0.0131585905,0.09374998,1,1.6429055,0.0,0.0,161.4776
118.888916,1.0,-39.401367,0.024151664,0.14657241,0.0035399676,3,4,0.02221564,0.066417195,0,-1.0810954e-06,0.0,-38.812,81.978775
119.65953,1.0,-37.837402,0.0006356034,0.14430843,9.1722926e-05,4,4,0.020921474,-0.022982402,0,0.17099361,-0.009374625,-28.410315,1.5575683
94.0857,1.0,-27.71875,0.0041096606,0.14445409,0.0005936573,5,4,0.0024977431,0.07021007,0,0.26887113,0.0,0.0,-142.98509
19.270174,0.0,49.64746,-0.006860446,0.14307708,-0.0009815725,7,4,-0.036984093,0.045016073,0,0.20922178,0.0,0.0,155.462
-19.391655,1.0,-15.425049,-0.03159832,0.14936905,-0.0047198106,13,4,-0.005031149,-0.050864708,1,9.1680765,0.0,0.0,88.80897
169.54344,0.0,43.253784,-0.04051136,0.1130637,-0.004580364,9,5,-0.03567983,-0.10000001,1,1.775582e-05,0.0,-0.1,314.24258
135.44875,1.0,-24.630005,-0.033223376,0.113171846,-0.0037599506,10,5,-0.060000025,-0.17391303,1,0.21393701,0.0,-0.5,290.56125
-34.621845,1.0,-25.69629,-0.0005397896,0.115127325,-6.2144536e-05,11,5,0.016121123,0.070994094,0,49.792618,0.0,-120.36625,404.7013
46.088005,0.0,41.597534,-0.0060382015,0.11581411,-0.00069930893,15,5,-0.0019596778,0.041350514,0,-0.37255225,0.0,0.0,281.89853
-60.994625,0.0,22.77124,-0.0050628483,0.08148578,-0.00041255014,19,4,-0.004004559,0.015919287,0,1.2339001,0.0,1.080595,254.25085
-16.883272,0.0,32.817383,-0.008049258,0.07285554,-0.00058643305,21,4,-0.011303409,-0.0073912116,1,-2.2737577,0.0,-40.938477,121.195526
-46.662422,0.0,23.324951,-0.0037477757,0.07290864,-0.00027324524,22,4,-0.0034384304,-0.0048979265,1,8.3475,0.0,0.00801,-11.952377
-51.278606,0.0,6.919922,-0.0065013543,0.07268283,-0.0004725368,23,4,-0.0052903863,-0.012885122,0,1.1308635,0.0,3.8162158,-125.88287
17.713926,0.0,29.262451,0.008912343,0.0725572,0.00064665463,0,5,0.007168491,0.015972113,1,0.020805571,0.0,0.699,3.8988235
99.338455,0.0,10.35376,-0.0074759703,0.06872019,-0.0005137501,1,5,-0.017162241,-0.022185024,1,7.1090674,5.39185,-22.103645,-163.21771
69.82138,1.0,-28.393799,-0.015435099,0.066509955,-0.0010265877,2,5,-0.017403468,-0.025871204,0,3.7069328,-0.0041,-2.509199,-92.612686
45.431934,1.0,-9.788818,0.007527486,0.06632009,0.00049922353,3,5,0.00074294204,0.017887075,0,9.679922,5.0682497,-2.3345525,-79.4647
6.370729,0.0,23.13623,0.01322179,0.06621172,0.0008754375,4,5,0.012620638,0.008559996,0,7.5390472,-1.0,-30.032373,-82.68228
29.367125,0.0,45.97632,0.009052261,0.0652749,0.0005908854,5,5,0.010997067,0.015179338,1,0.7361127,0.0,-13.605955,-26.424673
25.999945,0.0,42.59619,-0.0013276349,0.065151334,-8.649719e-05,6,5,0.009340105,0.0048233666,0,0.5367838,-6.8497763,-34.4505,-5.6528816
38.892235,0.0,31.233643,-0.008730172,0.07423906,-0.0006481198,21,6,-0.020260144,-0.018135726,0,0.27265334,25.0,-28.102446,-39.028606
-18.652523,0.0,49.35742,-0.020077668,0.05908098,-0.0011862083,7,0,-0.030038688,-0.016894128,0,18.319256,28.76405,0.15846618,41.10887
-45.13663,0.0,24.42627,-0.022046225,0.05782764,-0.0012748812,9,0,-0.042819217,-0.01844586,0,4.71437,12.7135,-21.05819,247.9624
-85.56497,0.0,45.95117,-0.0063199527,0.06578904,-0.0004157836,14,0,0.0061922516,0.016264647,1,28.470392,-17.9998,0.52141,89.798805
-77.20746,0.0,18.8125,-0.010659541,0.065861106,-0.0007020492,15,0,-0.04973044,-0.0069684805,1,1.8794885,-7.9281,-1.4962009,431.58337
-77.071434,1.0,-39.975098,-0.02333941,0.075407594,-0.0017599687,16,0,-0.07079648,-0.03308143,0,2.761439,25.0,81.38869,486.36804
-11.44217,1.0,-27.26123,0.0051681865,0.08140025,0.00042069168,17,0,0.0207359,-0.024284177,1,45.210423,7.1577,-5.0244384,1078.3306
107.481445,1.0,-45.80249,-0.0074982685,0.08127667,-0.00060943427,18,0,-0.018448582,-0.013036887,1,3.355446,-1.5596,-49.927402,302.6264
14.520915,1.0,-18.66748,0.014844929,0.10061042,0.0014935546,22,0,0.03090447,0.07560673,0,-3.7929962,0.0,-11.656466,361.3487
51.420574,1.0,-2.128662,0.006665297,0.09979254,0.0006651469,23,0,0.02062031,0.012438551,1,-3.5155363,24.29,162.3577,21.642593
46.26131,1.0,-9.3125,-0.002875984,0.09941806,-0.00028592473,0,1,0.019473357,0.007591807,1,-0.5219804,-9.42285,807.37036,412.14722
-17.881342,1.0,-21.00879,-0.0046960083,0.09945595,-0.000467046,1,1,-0.016673911,-0.0014583049,0,2.8601773,0.0,-2.4962902,247.98741
-27.808945,0.0,8.561279,0.011928267,0.10019737,0.0011951809,2,1,0.008822309,0.009898603,0,-3.7901855,14.97,2.660375,70.653534
-53.82747,0.0,29.11621,0.008193913,0.10090562,0.0008268119,3,1,0.021060655,0.020326192,1,4.3818336,-22.4998,14.40116,-10.13039
-88.8373,0.0,13.324951,-0.006243786,0.10117096,-0.0006316898,4,1,-0.0053039175,-0.019133912,1,1.8445238,0.0,-18.365875,-10.542025
-103.83797,1.0,-5.058838,-0.0073145293,0.099171065,-0.00072538963,5,1,-0.010308813,-0.0109576825,0,23.08711,-4.5,0.84066683,154.49156
-42.46693,0.0,7.9538574,0.0052156323,0.09967697,0.0005198784,6,1,-0.0082611935,0.0069802213,1,0.59219265,1.41125,-2.499905,322.78647
26.77031,1.0,-27.28125,-0.014049345,0.09853155,-0.0013843038,7,1,-0.048692178,-0.02430175,1,7.874275,-8.6934185,-25.607021,336.20526
123.08341,1.0,-47.01367,0.0141990855,0.07965323,0.001131003,20,1,0.059183605,0.024008352,0,-3.762835,-2.7877,133.21387,99.14896
88.71569,1.0,-0.33374023,0.019029837,0.068742216,0.0013081532,21,1,0.045952726,0.030458702,1,-9.976261,0.0,-533.928,-31.940552
-51.362064,1.0,-24.346191,-0.009606263,0.06665913,-0.0006403451,22,1,-0.027625361,-0.017094,0,-0.17346065,-2.67165,-59.40025,203.90503
-97.20404,0.0,46.097412,0.028454546,0.0776341,0.0022090431,23,1,0.0775892,0.024597354,0,-1.3263179,-27.795584,37.66522,-314.4474
23.693026,0.0,40.496338,-0.019916581,0.08233347,-0.0016398012,1,2,-0.050143335,-0.02136754,1,-0.014332512,-5.0,-27.542315,331.8969
2.8361342,0.0,6.0249023,-0.013568779,0.08177107,-0.0011095336,2,2,-0.032866765,-0.010566182,0,2.3408768,0.0,3.985772,6.5872087
-53.923073,0.0,16.861328,0.0043241493,0.08114072,0.00035086458,3,2,0.0066329,0.000906389,0,0.48381108,0.0,15.8995,114.42543
14.0617075,0.0,23.356201,-0.012931246,0.08467815,-0.001094994,5,2,-0.030477973,-0.013058794,1,2.1038141,0.0,-32.17529,-82.314026
64.02562,0.0,18.47876,-0.0019329183,0.08389833,-0.00016216861,6,2,-0.0026923192,0.0044899466,1,3.187301,0.0,4.526445,71.797745
4.4254785,0.0,15.172607,-0.0013127577,0.0808757,-0.000106170206,7,2,0.02030417,0.005023837,0,1.317329,-5.2098002,29.263292,8.170627
35.718307,0.0,44.21997,0.011548854,0.07817807,0.0009028672,8,2,0.029924719,0.012634227,1,1.0552596,2.7948,-33.58026,42.239277
5.536077,0.0,28.909912,-0.0060175844,0.07932357,-0.00047733626,9,2,-0.0014835318,-0.011271783,0,-12.839822,-1.4998,-11.943505,-53.1809
28.38256,0.0,47.266357,-0.006331189,0.07948271,-0.0005032201,11,2,0.005289677,-0.001577062,0,-4.4031324,1.35,-23.433788,-25.805275
53.89632,0.0,35.10376,-0.008527376,0.04746114,-0.00040471897,13,3,-0.017445188,0.0015554832,0,3.9318373,2.10595,-2.974905,67.35074
-31.062098,0.0,47.02124,-0.0038026543,0.03782272,-0.00014382674,4,4,0.0074718837,-0.014875398,0,0.4338193,2.6826,0.0,41.94215
-3.9527998,0.0,48.409912,-0.0043061287,0.037194174,-0.0001601629,6,4,0.0003522582,-0.012354918,0,-1.6045142,0.0,0.0,-7.3583307
32.658,0.0,49.93628,0.00059894886,0.036951542,2.2132084e-05,7,4,0.006126726,0.00972075,1,2.0184798,7.115,-712.23535,1.5522747
38.094505,0.0,35.62744,-0.005611449,0.03724884,-0.00020901996,8,4,-0.003394699,0.006115561,0,1.5285915,0.0,-3.8862143,94.01985
-0.8294266,0.0,46.33252,0.0042218654,0.03841802,0.00016219572,9,4,0.02121013,0.01396081,0,0.9077813,0.0,2.3075652,-7.755272
-44.71122,0.0,46.85132,0.00020374355,0.03677321,7.492304e-06,10,4,0.0021319594,-0.007812506,0,0.21030834,23.5,-23.61309,-31.17749
41.129597,0.0,45.96875,-0.011473436,0.029864678,-0.00034265048,13,4,-0.012333404,0.008218769,1,-16.446554,8.82325,-38.671715,46.671783
21.542913,0.0,26.128662,-0.007792746,0.029277924,-0.00022815543,14,4,0.0,0.0,0,9.024189,4.6354,1.24864,55.681435
4.606462,0.0,45.985107,0.007860425,0.028050985,0.00022049266,15,4,0.0,0.0,0,1.8587815,0.0,-1.179215,-0.088353634
86.499725,0.0,34.80371,-0.008616987,0.058458082,-0.00050373253,14,5,-0.012069989,-0.009941117,1,9.590226,1.7795002,81.660484,819.33826
55.629868,0.0,33.3938,-0.00069289835,0.058347885,-4.0429153e-05,15,5,0.0016104474,0.0021928241,0,13.969814,4.6701,48.50615,573.44165
26.376173,0.0,46.92749,0.006655716,0.0596513,0.00039702212,16,5,-0.013029531,0.013761803,0,16.399626,21.5,9.174871,438.18054
-108.244576,0.0,32.94629,-0.027990818,0.06865376,-0.0019216749,21,5,-0.03356816,-0.0189944,0,12.035794,0.0,-2.161597,281.29034
-67.72967,0.0,46.45874,0.006646733,0.06826304,0.00045372618,22,5,0.0011958019,-0.012080161,1,2.335587,0.0,36.463406,295.41833
80.81616,0.0,44.162476,-0.0011220674,0.06642126,-7.452914e-05,23,5,-0.003583034,5.7132045e-05,1,8.165661,0.0,-0.82241416,-36.515316
110.54289,1.0,-6.0424805,-0.02456016,0.069918446,-0.0017172082,0,6,-0.02882422,-0.01628383,1,6.538162,7.3,-12.0,214.8956
40.075123,1.0,-19.58374,-0.0067911474,0.069941625,-0.00047498388,1,6,-0.017748982,-0.017831195,0,0.9700647,0.0,-0.93116224,239.33488
-27.469341,0.0,2.2650146,0.011032405,0.071564786,0.00078953174,2,6,0.0058038724,0.014547622,0,30.44361,-3.9998,-22.47637,84.94018
-40.27999,0.0,42.317505,0.02000359,0.07102551,0.0014207653,3,6,0.008387795,0.011191418,0,1.253576,9.2009,-46.6715,-116.61757
-44.101818,0.0,46.661255,0.002126873,0.067684315,0.00014395594,4,6,-0.014394356,-0.0015564275,1,9.158059,1.665,-68.0375,-130.55038
-32.12954,0.0,25.973755,-0.010107926,0.06412711,-0.0006481921,5,6,-0.0051475465,-0.024709895,1,2.907903,1.02635,-22.5055,-276.62964
-117.05462,0.0,25.44751,-0.0002597492,0.06284987,-1.6325204e-05,6,6,-0.028638527,-0.008405797,1,-2.4173613,0.5,-46.9081,-152.60876
-91.41187,0.0,21.971191,-0.0017163211,0.06252741,-0.000107317115,7,6,0.009228897,-0.009074132,1,0.30348566,-0.42775,-0.025798215,44.048515
-191.51854,1.0,-0.7850342,-0.011254475,0.0592542,-0.0006668749,8,6,-0.022646388,-0.016266046,0,0.98491716,-0.7987999,-46.658894,-50.361904
-152.37491,0.0,5.8762207,0.0033319353,0.059383977,0.00019786357,9,6,-0.015384596,-0.009431015,1,7.570118,23.3895,-36.877655,123.278275
-13.970174,1.0,-48.671265,-0.027193844,0.06572164,-0.001787224,10,6,-0.010841817,-0.048531722,1,2.826286,42.216652,39.248,93.06293
-103.33571,1.0,-12.391235,0.02874641,0.07918779,0.0022763645,17,6,0.05152702,0.05202877,1,-2.7648046,0.0,-2.3165145,174.64105
-19.602972,1.0,-33.007446,-0.010372369,0.078472495,-0.00081394566,18,6,-0.020638919,-0.015865622,1,4.9401093,15.46975,21.628979,98.68212
144.73654,1.0,-20.21753,0.051678304,0.07772701,0.0040168003,12,3,0.06403455,0.047599696,0,2.0275056,14.490358,-10.257555,159.78946
17.979666,0.0,30.804932,0.020575378,0.07834521,0.0016119824,13,3,0.0053899568,0.0053324024,0,1.4141637,0.0,-1.7923273,-56.25477
96.97592,0.0,39.25244,-0.0075324452,0.0871312,-0.000656311,22,5,-0.007162469,-0.01245473,0,59.382217,0.60235,-2.4299486,382.94223
46.41416,0.0,1.5263672,-0.031933982,0.07753673,-0.0024760566,14,6,-0.044910878,-0.025368316,0,37.053562,13.615017,0.9474605,-34.768375
8.483536,0.0,18.972656,0.0038756386,0.07438204,0.0002882779,15,6,0.008176548,0.013562241,0,-14.1176815,-12.558594,8.160068,22.222652
17.208221,0.0,41.762695,0.0050431904,0.07569115,0.00038172488,16,6,0.012723111,0.0016219682,0,64.965416,0.0,-11.3398075,69.7429
-51.219215,1.0,-41.10498,0.009462966,0.06551524,0.0006199685,11,0,-0.0017231748,-0.003333319,1,89.04284,-0.82825005,106.761604,286.15283
59.003136,1.0,-27.55371,0.01275389,0.09288536,0.0011846496,23,1,0.029518526,0.011963995,1,-0.984011,0.0,30.952868,40.19309
-73.03603,1.0,-23.537598,0.012495118,0.09191821,0.0011485289,1,2,0.024416476,-0.0002756482,0,-31.511738,-6.661509,-0.071855016,-11.546772
-29.4243,0.0,21.338867,0.010024984,0.07727289,0.0007746595,2,2,0.024019755,0.022566376,1,-3.6715276,-13.521268,0.914575,-41.290222
-16.245157,1.0,-0.4501953,-0.0048191617,0.071657896,-0.00034533098,3,2,-0.010793496,0.004539533,0,2.0827484,-27.714321,1.255883,5.4882064
96.631905,1.0,-0.21875,5.1437437e-05,0.06840445,3.5185496e-06,4,2,-0.0071319607,-0.00044743487,1,12.70234,-13.162117,-1.8856713,91.45676
83.41197,1.0,-40.808594,0.008264359,0.066179566,0.0005469317,6,2,0.016574904,0.0020091392,0,2.3093574,0.0,4.915234,30.264196
42.064026,1.0,-22.94873,0.0040051797,0.061499827,0.00024631785,7,2,-0.005849788,0.00022789053,0,-25.001387,0.0,8.082737,-3.2838278
21.340326,0.0,41.05371,-0.0075061787,0.047810458,-0.00035887383,2,3,-0.023424324,-0.021704694,0,2.2898905,16.32825,0.009776226,211.99493
-43.033443,0.0,45.66992,-0.0027344234,0.048050623,-0.00013139074,4,3,0.0016556632,-0.0038221811,0,63.10572,13.0,3.3068833,211.2076
79.06898,0.0,45.50879,-0.009106464,0.044532787,-0.0004055362,7,3,-0.009983864,-0.008093034,1,4.0849915,0.0,0.430565,25.030998
48.15144,0.0,15.339844,-0.006637089,0.042819064,-0.00028419393,8,3,-0.005534167,-0.0073565724,0,21.887756,0.5005,1.5970117,119.4879
10.24887,1.0,-22.158691,-0.030543417,0.053509325,-0.0016343576,7,6,-0.03690553,-0.022673955,0,-23.719606,-23.738283,1.2900175,1.8373337
413.17252,0.0,37.57007,-0.03169624,0.11304351,-0.0035830543,10,4,-0.045693047,-0.020989478,1,166.19244,9.084038,4.708973,932.82574
653.60394,1.0,-10.567383,-0.015847355,0.11303187,-0.0017912562,11,4,-0.004456255,-0.03723046,1,104.3905,-26.469748,113.76458,1120.7734
375.0849,1.0,-18.94873,-0.0028036584,0.109466635,-0.00030690705,12,4,-0.032238115,-0.025927288,0,-90.73147,-13.852099,-33.994865,-165.07303
182.83307,0.0,39.432617,-0.0055622603,0.17630492,-0.0009806539,18,4,0.017400205,0.011111051,0,8.178584,-5.986,2.2067177,-164.43044
59.642807,0.0,45.49756,-0.0052176495,0.081508644,-0.00042528354,7,6,-0.008600386,-0.019574419,1,2.3030217,-0.29000026,2.4995,-53.872116
36.143066,0.0,28.425049,-0.004815265,0.081023864,-0.00039015137,8,6,-0.011089315,0.0012152897,0,-3.3283243,7.50005,-0.600025,194.73708
1.9509827,0.0,30.284912,0.0005271086,0.08063999,4.250603e-05,9,6,0.00682753,0.008091982,0,-16.784912,-5.7237,-2.1501591,-14.063481
88.608025,1.0,-17.163574,0.030949654,0.03358502,0.0010394447,16,6,0.0050163143,0.0076823565,1,72.89584,1.6982905,7.921917,647.1245
137.40164,1.0,-44.839844,-0.0046259444,0.0339917,-0.0001572437,17,6,-0.0036624258,0.00084154675,1,26.658571,0.1836,-1.3851345,281.98276
123.33333,1.0,-49.92627,-0.00085412076,0.03403145,-2.9066969e-05,18,6,-0.0006506366,0.00024728396,0,7.082323,49.9993,1.6431551,71.17795
33.436913,1.0,-30.016113,0.0033462034,0.03407888,0.00011403487,19,6,0.0022460287,0.0043022665,0,6.7393866,0.0,4.0947413,57.50637
-50.938168,1.0,-45.73877,0.00432589,0.037942007,0.00016413294,21,5,0.00023450684,-0.0073709856,0,-0.06120432,0.0,0.0,1.9409555
-4.721076,1.0,-42.879883,0.00038352382,0.03536407,1.35629625e-05,22,5,-0.0003349166,0.0010395404,1,26.793505,0.58505,-0.70311075,122.648155
-17.248049,1.0,-40.77002,0.004506255,0.031151503,0.00014037662,6,6,0.0012707069,-0.00083912804,0,-0.5484945,1.1745102,0.0,5.956256
12.854669,1.0,-27.627441,0.0017619216,0.030239575,5.327976e-05,7,6,0.0017366982,0.00019764669,1,-25.671398,0.8493,0.0,-27.270145
0.028760795,1.0,-38.805176,0.0037016792,0.026836375,9.9339646e-05,11,6,0.00026860388,0.0030726166,0,7.411132,0.0,0.0,11.505105
-4.72973,0.0,44.634766,0.011183187,0.029350761,0.00032823507,12,6,-0.0006041452,-0.0019268439,1,-21.575201,25.98235,1.0605916,26.699556
-31.06582,0.0,40.538574,-0.0005429277,0.028420635,-1.543035e-05,13,6,-0.0010073466,-0.0045047225,0,5.9847465,0.0,0.0,5.7331657
3.4363055,0.0,44.481445,-0.005085359,0.022599854,-0.00011492836,15,6,0.00494102,0.0015532029,1,-4.361067,3.3241,0.0,-3.3734875
26.463776,0.0,29.615234,-0.0019704748,0.02298408,-4.528955e-05,16,6,-0.0061964197,0.0014506829,1,-13.203095,-0.0849,0.0,-12.74332
6.9480605,0.0,12.568848,-0.002263912,0.02307001,-5.222847e-05,17,6,0.0024736912,0.0031470414,0,4.8693676,0.0,0.0,8.990039
-77.74196,0.0,17.34375,0.0006355885,0.022933424,1.457622e-05,18,6,-0.002129546,-0.0040832385,0,0.6432762,0.0,0.0,1.1686981
-98.568535,0.0,37.333984,0.0026592151,0.02294579,6.1017792e-05,19,6,-0.00027094805,-0.00020004809,0,-1.4278532,0.0,0.0,-129.93509
-5.874541,0.0,32.818848,-0.005219126,0.022392048,-0.00011686692,21,6,0.0029447437,0.008035342,1,8.004904,0.0,0.0,10.224484
-15.76418,1.0,-6.911133,-0.01762316,0.043648593,-0.0007692261,19,0,0.00026704028,-0.020328758,0,-5.5176435,0.0,0.0,8.843861
-72.6743,0.0,24.92871,0.004553044,0.043417685,0.00019768263,20,0,0.008978347,-0.0016382104,0,69.28144,0.0,0.0,185.1893
13.877978,1.0,-37.45996,0.0135060465,0.042506978,0.0005741012,12,2,-0.0003015963,-0.0017694549,0,14.719959,36.989384,0.0,254.31662
-4.8621173,1.0,-32.20996,0.0007035138,0.042467427,2.987642e-05,13,2,-0.0015085388,-9.580032e-05,0,-4.935722,0.0,0.0,31.439468
96.47829,1.0,-13.027344,0.002568714,0.037752762,9.697605e-05,14,2,0.0035252078,0.0022518088,0,23.355309,0.0,0.0,258.55786
-75.43314,0.0,5.6938477,0.0025005022,0.03695965,9.2417686e-05,15,2,0.0014385356,0.0038720653,1,-4.673824,0.0,1.4689527,192.37689
-96.553406,1.0,-1.1049805,-0.00090582273,0.03701875,-3.3532426e-05,16,2,-0.0006347379,0.002952417,1,17.354889,23.032005,0.0,163.45093
-200.74915,1.0,-24.001465,-0.0030533145,0.03548945,-0.00010836046,17,2,-0.0015042009,-0.0016617533,0,61.588886,2.999,0.0,369.3733
-4.7572994,1.0,-32.03369,0.009513232,0.07335425,0.000697836,0,3,-0.006205201,0.0,1,132.21158,23.294895,0.0,412.8934
48.116745,1.0,-5.0112305,-0.04194239,0.06559741,-0.0027513122,19,4,-0.034641705,-0.03228925,0,-14.108521,0.766885,0.0,71.97052
7.1333194,0.0,0.70996094,-0.012617565,0.08667856,-0.0010936724,12,5,-0.0052710143,0.00024272338,1,-6.241094,27.474178,0.0,64.01834
-18.52923,1.0,-37.206055,0.018264174,0.086993136,0.0015888578,14,5,0.011478403,-0.0050507346,1,23.835949,-0.49975,1.0997094,6.107876
-66.59294,1.0,-27.580078,0.007010664,0.07544065,0.00052888907,22,5,-0.011223327,0.0026113468,1,9.459452,0.0,4.108085,162.77287
191.37363,0.0,18.713867,-0.010287328,0.068172984,-0.0007013178,5,6,0.0071430984,-0.0012575467,1,31.357716,-7.8848834,0.0,75.499756
128.34833,0.0,30.439941,0.027213588,0.13948804,0.0037959702,1,0,0.03168807,0.0019163598,1,3.634984,0.0,0.0,-118.43781
99.18038,1.0,-34.478516,0.010056092,0.14217749,0.00142975,4,0,-0.008496462,-0.0029026796,0,-3.283701,47.334373,1.6471015,-131.49808
6.4931,0.0,20.055176,0.013812927,0.089483924,0.0012360349,12,0,0.0008959961,0.0024561894,0,0.82925355,0.01205,0.0,-130.3353
-168.95094,0.0,9.106445,-0.014820574,0.08957475,-0.0013275491,15,0,-0.0026282286,-0.0063435906,0,-2.4159274,-0.7582269,0.0,1.2525
86.38239,1.0,-45.431152,0.006447023,0.09486307,0.0006115844,18,0,0.0032401257,0.005358344,1,1.9749212,9.282722,0.0,107.97805
95.42621,1.0,-8.496094,0.01127174,0.092132166,0.0010384899,22,0,0.00064353994,-0.0046284595,1,14.927731,0.0,0.0,-126.71216
26.075302,0.0,8.727539,0.009233934,0.08325425,0.00076876424,0,1,0.004779746,0.009353773,0,3.5361881,-1.0895,0.0,13.095322
30.432825,1.0,-29.950195,0.00043774614,0.036935188,1.6168236e-05,17,3,0.014440509,-0.06416163,0,36.64279,2.9289808,9.049743,329.83185
38.71998,0.0,42.662598,-0.0415955,0.06323302,-0.002630209,8,4,-0.014471689,-0.027400872,0,52.776245,-110.88445,0.0,299.94653
-30.990513,1.0,-34.496094,0.007980938,0.07034604,0.0005614274,16,4,-0.0015015015,-0.014916281,1,-0.89126647,7.3813405,0.08379685,0.94615746
100.574646,0.0,5.3325195,-0.014714615,0.064824104,-0.00095386175,2,5,-0.004234106,0.0029864353,1,-1.0978836,7.0098042,-2.2804875,0.31336752
17.695105,1.0,-26.407715,-0.0042290245,0.064604715,-0.00027321492,3,5,-0.0029366517,-0.007849899,0,1.8026412,5.6098275,0.20348568,-59.386406
13.800999,1.0,-35.42627,0.021334544,0.029617673,0.00063187955,18,6,-0.015172437,-0.012121479,0,83.134766,68.76075,0.0,517.9686
-2.1300364,1.0,-2.6201172,0.0041190092,0.029727848,0.00012244929,19,6,-0.008012387,0.005501932,0,3.0140486,0.0,0.7467073,65.1578
1.5342449,0.0,28.713867,0.003918031,0.029731773,0.00011649002,20,6,-0.0062349783,0.0017805422,0,-0.9596125,0.0,0.0,-2.412671
1.0294677,0.0,32.35254,0.00045320732,0.029807458,1.3508958e-05,21,6,0.00102671,-0.002991149,1,0.93362606,0.0,1.8927665,2.315742
-3.9874265,0.0,30.497559,-0.00023093863,0.027740661,-6.40639e-06,22,6,0.004615239,0.0039566895,1,11.568728,2.5038805,-0.012154194,13.0507145
-23.672,0.0,23.581055,-0.0008612796,0.027464803,-2.3654875e-05,23,6,0.017667187,0.0011693119,0,10.41858,-0.04785,0.0,-42.553577
-32.59847,0.0,36.037598,0.0015524917,0.026990976,4.1903266e-05,0,0,-0.01159219,-0.0035039033,1,-4.9440107,0.0,0.0,-65.998566
-4.811472,0.0,32.964844,-0.00038237177,0.026818482,-1.0254631e-05,1,0,0.0023963223,0.00581699,1,-2.3596513,0.04625,-0.5639534,-1.5465968
8.289611,0.0,13.956055,-0.002366348,0.026254429,-6.212711e-05,2,0,0.0031501215,-0.00034529276,1,-3.3463106,3.0576,0.0,-4.077296
28.004658,1.0,-20.927734,-0.00435288,0.026724178,-0.000116327144,3,0,0.007121367,0.009930033,1,1.3376858,0.4424539,-0.8189161,-72.727066
3.984328,1.0,-45.34619,-0.0030603127,0.02678407,-8.196763e-05,4,0,0.0086022,0.0045742462,0,-1.7508595,-1.759349,0.0,-0.90146494
19.721508,0.0,2.1411133,0.005969751,0.02735738,0.00016331676,5,0,-0.011868584,0.010085535,1,-6.7303696,-36.727776,0.0,-77.313065
-1.5466474,1.0,-1.2402344,-0.00042255537,0.027078599,-1.1442207e-05,6,0,-0.004385495,-0.009942709,0,1.4038162,-9.816678,0.0,-59.265354
8.711419,0.0,21.589844,0.0028542022,0.027054565,7.72192e-05,7,0,0.0063126,4.254757e-05,1,3.8577309,10.715878,0.0,-19.308014
2.2690122,0.0,11.672363,-0.0012363485,0.026628517,-3.2922126e-05,8,0,-0.0059384545,0.001276563,0,-0.104987726,92.18133,-0.11732736,0.64496225
51.476738,0.0,46.11133,0.004298599,0.026817497,0.00011527767,9,0,0.0032254227,0.007861944,1,27.056488,-2.5318522,1.2440268,40.282646
51.1728,0.0,17.73877,-0.0035262448,0.027096435,-9.554866e-05,10,0,0.004808502,-0.00067462376,0,-9.138153,3.79951,0.0,-62.59768
75.69447,0.0,32.5,0.0018410715,0.027091572,4.9877523e-05,11,0,0.0009181085,0.0048523084,0,-0.23039363,2.957422,0.0,1.8650069
6.567786,0.0,8.012695,-0.02306672,0.060513493,-0.0013958478,10,0,-0.039790314,-0.021612873,0,7.7136397,0.59205,-2.8691204,9.719764
44.56419,0.0,25.65039,-0.0047045154,0.057935636,-0.0002725591,19,0,-0.0028988316,0.00016195471,0,2.9200635,0.7552,0.0,5.3075094
50.630047,0.0,31.098633,0.0005719549,0.0536577,3.0689782e-05,20,0,0.0047028908,-0.0031175457,0,2.0473187,0.0,0.0,2.6397078
-5.4408975,1.0,-48.088867,0.0024096374,0.025252176,6.084859e-05,19,1,-0.0017244747,0.0012792125,0,15.864103,-0.16794914,0.0,62.1281
9.125649,1.0,-47.10547,9.8815035e-05,0.025252607,2.4953372e-06,20,1,0.004102595,-0.0072894413,1,14.601774,0.559243,-2.2347755,16.752022
22.152428,0.0,34.825195,0.010037307,0.027979955,0.00028084338,2,2,-0.009437777,-0.026558256,0,108.86605,3.4040127,0.0,145.67474
133.79521,1.0,-49.7959,0.01548921,0.031580046,0.00048915,5,2,0.0041101747,0.0049891896,1,22.935642,2.8358417,-0.55778515,242.33527
58.495163,0.0,43.563477,0.019125266,0.051808793,0.0009908569,8,2,0.01990248,0.028711066,0,77.589355,0.0,0.44697317,667.6004
217.7716,1.0,-35.23535,-0.020478724,0.121673144,-0.0024917107,23,2,-0.0050018188,-0.01666664,1,17.039196,-26.422121,-2.7911248,224.80577
34.87902,0.0,27.172852,0.023048678,0.12622108,0.002909229,1,3,0.027739458,0.0039915703,0,3.209309,0.7968,0.0,316.02594
-12.24995,1.0,-14.427734,0.04571572,0.13548909,0.0061939815,2,3,0.036087956,0.029545957,1,11.386017,-24.79871,-1.0962086,214.6529
57.72224,1.0,-35.39258,-0.040678065,0.15218584,-0.0061906255,21,3,-0.033622406,-0.025031684,0,34.055084,3.5100079,-0.7255274,185.20985
89.59766,1.0,-30.34082,-0.012086918,0.12907836,-0.0015601595,7,4,-0.01591805,-0.008821737,0,15.642214,0.56016105,-1.065805,90.807594
39.72112,0.0,31.18164,0.006496798,0.12959899,0.0008419784,8,4,0.0053998274,0.002775781,0,-10.48387,1.47755,0.0,164.25302
307.5462,0.0,21.38086,0.019405562,0.13275847,0.0025762527,10,4,0.017150909,0.010747228,1,26.758362,2.828607,0.005270547,180.59308
-24.066605,0.0,38.99707,-0.01571195,0.10784203,-0.0016944086,15,4,-0.006666664,-0.008394784,0,23.960205,2.1484973,-0.45525563,154.60435
-25.2951,0.0,49.387695,0.0009859216,0.10360577,0.00010214717,16,4,-0.0057368074,0.0012740055,0,55.22803,6.4177923,0.0,57.273376
86.05332,1.0,-28.764648,0.0033091048,0.10328226,0.0003417718,19,4,0.0028603293,0.009657887,0,-2.107701,0.0,0.0,0.29377723
-39.13801,0.0,46.188477,0.010394706,0.08530977,0.00088677,2,5,0.016293721,0.0029494667,1,82.51072,3.6314774,3.3925388,175.69946
-12.245647,0.0,22.55371,-0.002139631,0.08564656,-0.00018325204,3,5,-0.0055365465,-0.0033436518,1,9.041246,22.178244,0.0,49.541485
4.9476447,1.0,-39.44336,0.0065533165,0.07734081,0.00050683884,8,5,0.00051851664,0.0030383037,1,18.21249,-4.5852504,0.0,55.53759
-1.5420094,0.0,17.862305,-0.006159153,0.04863703,-0.0002995629,14,5,-0.0053902892,0.004024731,1,13.21319,-55.356842,-1.768193,23.332916
19.357796,1.0,-48.07422,0.0054485393,0.046743482,0.0002546837,19,5,0.0050075627,-0.001873875,1,5.9450436,-54.989197,0.0,-20.923325
-9.926778,0.0,16.467773,0.0075105596,0.04260873,0.00032001542,22,5,0.007882477,0.00412262,1,14.40423,-27.280289,0.0,3.3458796
10.630141,1.0,-46.067383,-0.005676516,0.042688727,-0.00024232324,23,5,-0.004996606,-0.0031707368,1,3.3157248,-0.17225,0.0,-26.720512
25.39533,1.0,-30.641602,0.0033416068,0.03779332,0.00012629041,4,6,-0.0023491862,0.0046410374,0,26.07862,0.0,0.0,48.874245
22.7262,1.0,-17.905273,0.008455987,0.07742211,0.00065468036,5,0,0.0033141247,-0.0055445298,1,24.280731,0.07425,-0.57779914,26.494764
-61.002174,0.0,21.884766,-0.003002887,0.078082085,-0.00023447166,9,0,-0.0021948959,0.000683167,1,58.29519,0.19694999,-5.0547895,66.05569
37.28361,1.0,-47.754883,0.021141553,0.06056455,0.0012804287,21,0,0.0056180744,0.007134944,0,8.5341835,0.84999096,0.0,234.10008
27.019934,1.0,-31.598633,0.0014107496,0.046458807,6.5541746e-05,22,0,0.007799486,-0.00077807,1,29.168995,3.8137505,4.160531,32.697956
-24.171068,1.0,-36.20117,-0.00040132352,0.045173027,-1.8128998e-05,23,0,0.0016521951,0.004098201,0,90.52643,12.805747,0.0,170.36438
-2.5554783,0.0,31.08789,-0.002157375,0.042008832,-9.0628804e-05,3,1,0.0008905379,-0.008663682,0,0.77561796,0.052050002,0.0,-62.47146
68.6961,0.0,7.3964844,-0.007243743,0.04099181,-0.00029693413,5,1,-0.008111791,0.002653798,0,9.784314,-3.1306405,0.0,-16.267963
24.797253,0.0,38.887695,0.0027366062,0.04075658,0.000111534704,6,1,0.0012866845,-0.003308514,0,3.9149458,-1.0045738,-8.529951,-19.714632
-51.334896,0.0,49.71875,-0.00053184933,0.12141024,-6.4571956e-05,10,0,0.011807896,0.0058774212,0,18.559359,11.144519,0.0,57.30154
-2.470957,0.0,33.197266,-0.0064039724,0.12489137,-0.0007998009,12,0,-0.01442579,-0.00074076554,1,30.192783,-6.2036614,-0.20090409,139.22229
12.956799,0.0,6.6992188,-0.0016027177,0.12505402,-0.00020042628,13,0,0.014858055,0.008854292,1,30.09612,-0.27588663,2.2426987,53.408924
100.601425,1.0,-6.734375,0.009207641,0.10433447,0.00096067437,16,0,0.00556194,0.006638993,1,0.1042224,-14.22088,-5.142462,131.45493
58.368935,0.0,19.939453,-0.014559272,0.0647277,-0.0009423882,15,1,0.0,-3.667978e-05,0,2.5460992,3.950738,0.0,-16.446642
-64.456856,0.0,34.04883,-0.0037741845,0.049180724,-0.00018561713,16,2,-0.012542572,0.008815995,1,97.52991,18.48084,0.68741345,273.11505
-42.023384,0.0,29.451172,-0.011201488,0.057858545,-0.0006481018,23,2,-0.00976989,-0.0050521065,1,2.9222958,0.0,0.291675,131.67212
71.03911,1.0,-16.738281,0.015075063,0.051658254,0.00077875145,5,3,0.03164361,0.12018074,1,11.415663,2.8633184,0.0,-58.080544
-7.190367,0.0,43.304688,-0.013734545,0.055696286,-0.0007649631,10,3,0.018764162,0.023657959,0,1.3207765,17.892303,0.7278756,171.50436
25.029364,1.0,-18.734375,0.0072963983,0.054411784,0.00039701004,16,3,0.027816888,-0.062063485,1,25.171913,46.333126,2.2408369,50.28347
117.26458,1.0,-4.392578,0.0036430967,0.043417286,0.00015817337,22,3,0.011624808,0.07728773,1,2.873977,0.7546739,1.2698444,136.40346
159.14215,1.0,-5.5429688,-6.973921e-05,0.04341788,-3.0279286e-06,23,3,-0.008570963,0.0023765282,0,-7.5603347,52.929344,0.0,156.45859
53.07274,0.0,29.31836,0.0021135178,0.04245165,8.972232e-05,0,4,0.011060397,-0.016431924,0,-44.963047,20.903109,0.7169865,128.94568
42.790077,1.0,-42.53125,0.025902484,0.05239292,0.0013571067,1,4,-0.034711827,-0.07995223,0,-0.32843593,-0.25,-0.12006535,0.6893311
20.338062,0.0,30.074219,0.015999557,0.04819529,0.0007711033,10,4,-0.031754177,-0.017477414,0,28.742077,30.35757,0.7048678,149.7609
72.13357,1.0,-8.369141,-0.0054091206,0.0377121,-0.0002039893,3,5,-0.002118279,-0.009684314,1,-1.0551499,-1.71475,0.0,66.48115
24.513409,1.0,-43.134766,0.0024235453,0.03302229,8.0031015e-05,9,5,0.0022577692,0.009973177,0,-3.1268585,-2.8778074,0.0,-46.26448
85.84406,1.0,-26.25,0.0009402958,0.030750256,2.8914337e-05,10,5,0.0047958666,-0.00041200343,1,-2.0950444,1.2380347,0.0,-33.76324
67.91592,1.0,-44.427734,-0.014586382,0.04423871,-0.0006452827,19,6,0.02268703,0.008776992,0,-12.748519,0.1900075,0.0,144.54106
-8.136,1.0,-24.080078,0.0010734393,0.037818246,4.059559e-05,20,6,-0.011057284,0.005376771,0,49.92583,14.991752,0.0,83.89467
114.37003,0.0,8.453125,0.015866196,0.063851535,0.0010130809,2,0,0.0015088327,0.007377621,1,9.822998,4.05373,-0.30839452,11.502089
-24.322735,1.0,-29.46875,0.009453593,0.0659281,0.0006232574,6,0,0.003991828,0.01449274,0,49.309864,-14.13,0.0,7.9827194
37.555405,0.0,5.470703,0.0018417751,0.0659564,0.000121476856,7,0,0.0007810642,0.025085723,1,32.813725,3.6492887,0.0,48.77058
21.649158,0.0,3.9335938,0.017314607,0.06716428,0.0011629232,9,0,0.017900338,0.04698714,1,-4.114002,1.5441501,-11.508898,-4.7812443
-27.667757,1.0,-18.9375,-0.009811707,0.06875253,-0.00067457964,13,0,-0.014402434,-0.015317316,1,23.90714,0.90330744,-5.2183595,42.614853
1.284141,1.0,-29.273438,-0.0056293276,0.067059316,-0.00037749886,19,0,0.025207147,0.0020819022,0,22.768915,60.376793,2.00468,90.45975
29.986113,1.0,-34.328125,0.011012791,0.063573524,0.0007001219,0,1,0.0012515555,0.009083653,1,13.954039,25.95116,-0.27774474,14.3663
-19.520588,1.0,-16.65039,0.009287085,0.042992305,0.0003992732,4,1,-0.0033080445,0.032613367,1,25.01762,7.2418594,0.0,217.58336
-25.827482,0.0,46.609375,-0.014987936,0.040724564,-0.0006103772,10,1,-0.0074397977,-0.036790524,1,5.2276297,7.4685144,-3.0612032,186.428
66.49832,0.0,28.361328,0.005300674,0.05573055,0.0002954095,14,1,0.02934623,0.0105344355,1,-2.0293868,10.245034,-0.2767821,90.49115
103.62825,1.0,-17.94336,0.0033967355,0.1118085,0.00037978392,5,2,0.002776886,-0.0030084462,1,0.43958396,-2.2602239,1.9804622,184.70145
72.23889,1.0,-20.617188,0.006912808,0.1132205,0.00078267156,8,2,0.0030955083,0.011399984,0,76.78461,3.0700455,3.296711,81.26203
-43.88089,1.0,-25.761719,-0.0055414443,0.11636797,-0.00064484664,10,2,-0.0022641355,-0.0027347212,0,-35.01661,0.71943974,-0.13615242,-34.68048
104.38226,0.0,5.8378906,-0.04230619,0.12135526,-0.005134078,16,2,-0.02122144,-0.0124225365,1,-13.189301,0.6449338,-4.8829737,127.67225
85.24511,0.0,35.38086,-0.010167103,0.10387563,-0.0010561142,2,3,-0.00810236,0.04629973,1,-11.604632,-31.920557,0.0,-100.939835
-21.454683,0.0,33.558594,-0.0138819255,0.07822942,-0.001085975,15,3,-0.019217696,0.058823593,1,-0.81187224,-4.2857842,0.0,135.22546
-70.283585,1.0,-7.0273438,-0.033715904,0.089127004,-0.0030049975,16,3,-0.037155796,-0.14715746,0,17.367422,-4.6404233,-6.0592775,156.7213
-176.68083,0.0,39.583984,0.01807359,0.08916631,0.0016115555,22,3,0.021511447,-0.042979322,1,-15.718576,-6.404599,0.39009178,25.879921
-287.13092,0.0,24.240234,-0.0009873977,0.0892186,-8.8094246e-05,23,3,0.0025856872,0.0037921597,0,1.9174093,-0.29289246,0.0,3.0937982
-145.99498,0.0,37.521484,0.00085551693,0.08797137,7.526099e-05,0,4,0.009751434,0.099264815,1,3.4160237,-18.73174,0.30671176,-7.4769974
-254.03435,0.0,34.664062,0.020937262,0.09628036,0.002015847,4,4,-0.06130749,-0.08641023,0,53.807755,-1.4589889,0.0,78.22359
86.01141,1.0,-21.264648,-0.02885248,0.10660501,-0.0030758188,7,4,-0.030482441,-0.045345478,1,67.377846,11.205941,0.0,366.4237
114.133965,1.0,-43.19043,0.059857875,0.19145434,0.01146005,23,4,0.05458678,0.08237238,1,-0.05414806,106.56663,-3.6385765,116.3744
121.818886,1.0,-15.691406,-0.014031436,0.20157652,-0.002828408,5,5,-0.012729944,-0.024657577,1,-133.56636,0.44310832,-7.7311673,-129.7385
50.53372,1.0,-1.2216797,-0.04434756,0.13995087,-0.0062064794,19,3,-0.033355944,-0.022850271,0,66.11082,5.8841176,-0.39884838,166.38664
9.029356,1.0,-48.74121,0.040202048,0.116580896,0.0046867905,3,4,0.029296823,0.05365536,1,1.3933387,31.412405,0.0,72.61662
0.6006301,0.0,26.795898,-0.0018364326,0.10726218,-0.00019697976,9,4,-0.00019173522,0.05839419,1,0.612826,24.174839,1.4217844,-20.24958
35.80474,1.0,-2.0048828,-0.015740113,0.09449439,-0.0014873524,11,4,-0.016108504,0.100660734,0,20.31665,11.752813,0.0,-10.9382515
10.383931,1.0,-28.920898,0.013553272,0.0952671,0.001291181,15,4,0.0062892744,0.012351925,0,65.746956,-3.5118065,0.0,6.171047
-11.404366,0.0,34.331055,0.0043709218,0.09555113,0.00041764652,16,4,0.012567935,-0.044512168,0,-2.6040428,-1.4721414,0.0,-1.3101419
-171.38239,0.0,2.2451172,0.014878087,0.07751541,0.001153281,23,4,0.0073931855,0.0046375454,1,-1.9856246,-0.18108395,0.0,-42.67531
-140.097,0.0,12.3984375,-0.04279188,0.09618471,-0.0041159247,13,5,-0.038852807,-0.038839776,1,-63.428318,-3.7117999,-11.520104,-157.17093
49.646873,1.0,-21.95996,0.05446424,0.11638632,0.006338892,18,5,0.03505062,0.05480507,1,47.490765,-80.8228,-1.3700922,244.98213
14.290829,1.0,-23.18457,-0.018567458,0.12284303,-0.0022808828,21,5,-0.002758715,-0.024811279,0,1.6823248,-1.2800922,0.0,0.7692816
33.151222,1.0,-4.4970703,0.0014400682,0.12285371,0.00017691773,22,5,0.004250432,-0.023243431,1,17.199724,0.0,2.008822,84.49695
170.69443,1.0,-29.516602,-0.0019252453,0.12167738,-0.0002342588,23,5,-0.00090388075,-0.0074766544,1,34.84379,-2.7240365,0.0,-53.32711
-18.505753,0.0,40.54883,0.031745903,0.13130826,0.0041684993,1,6,0.026047345,0.021786945,0,40.548645,0.0,1.5570668,119.822296
-30.84435,0.0,13.30957,-0.005337261,0.1222609,-0.0006525383,5,6,0.0046520056,0.098632574,1,-1.1327305,-9.61569,0.79563844,16.62712
104.59081,1.0,-4.147461,0.022743633,0.11979787,0.002724639,8,6,0.011792911,-0.0164266,1,-0.07965789,1.0,0.0,1.506745
49.579895,1.0,-8.956055,0.048151914,0.11379575,0.005479483,17,6,0.01610005,0.0035254217,1,11.728823,0.029594999,0.0,130.42522
-137.97475,0.0,2.6435547,-0.008921753,0.09292008,-0.00082901,22,6,-0.005816775,0.020297637,1,0.48894143,0.0,0.0,-37.75486
-48.715664,1.0,-30.549805,-0.01374507,0.07401471,-0.0010173374,9,0,-0.017519224,0.008911528,1,-37.713795,1.9429,0.0,-81.1967
-31.905975,0.0,36.98047,-0.013305649,0.07529297,-0.0010018218,14,0,-0.010424092,-0.033288814,0,14.788381,-2.7296007,-0.35420445,-6.721199
63.63044,0.0,3.0058594,0.011977676,0.05318693,0.00063705584,20,3,-0.011602064,0.0035842261,1,-6.0657334,4.178995,1.8403689,36.940018
-5.305633,0.0,42.50293,0.008144798,0.05131523,0.00041795216,23,3,-0.0038655386,-0.03365417,0,12.644738,45.460026,0.34107643,18.12375
-32.66832,0.0,29.107422,-0.0077726105,0.05163078,-0.00040130594,1,4,0.014095745,0.043956574,0,3.1504214,0.06655838,0.0,96.250946
2.4216442,1.0,-43.29004,-0.010939888,0.0497327,-0.00054407015,4,4,0.009266964,0.03230352,1,19.60102,-0.7436049,0.0,48.702553
200.55652,0.0,32.53711,0.0069326665,0.048856225,0.00033870392,6,4,-0.0037481259,0.0037566363,1,1.2654918,-5.019251,0.0,-47.39029
237.46355,1.0,-47.867188,-0.0053486843,0.048995424,-0.00026206105,7,4,0.01700528,0.026500156,1,0.3896951,-15.645648,2.1549985,-168.57185
2.1705186,0.0,26.742188,0.010214618,0.0549855,0.0005616559,11,4,-0.007856441,-0.018556269,0,-12.270035,-2.1987784,4.786542,0.9928589
27.637959,0.0,38.536133,0.00073589163,0.055017993,4.048728e-05,12,4,0.015052556,0.012646629,1,-0.14639756,2.5746417,-1.5675361,-108.363815
71.102394,0.0,20.637695,0.009139885,0.055277526,0.0005052303,14,4,-0.016028697,-0.035362866,0,-1.494078,-0.6246,0.0,-30.020048
79.45787,0.0,47.45996,0.0016742321,0.055215776,9.2444025e-05,15,4,0.0021788233,-0.03592597,1,-6.6260004,91.57838,4.30822,-109.91638
33.891006,0.0,6.9765625,-0.0025227293,0.053909983,-0.0001360003,16,4,-0.00013332193,0.006557839,0,-21.189001,1.310077,-0.04985087,-63.838943
18.54401,0.0,29.375,0.005234607,0.05330049,0.0002790071,21,4,0.0042506177,-0.0063339714,0,-3.4660757,-0.0246,14.914808,-171.20464
2.50673,0.0,5.779297,0.0059988177,0.051538065,0.00030916746,2,5,-0.0030340583,-0.010181552,1,-15.531231,-22.783215,0.0,-66.01667
23.7449,0.0,15.908203,-0.00443171,0.058738712,-0.00026031295,8,5,-0.0001614097,-0.0247029,1,47.51282,-0.00766933,1.5762383,77.14136
60.35155,0.0,39.94922,-0.009940978,0.046479672,-0.0004620534,12,5,0.001282919,0.0012507521,1,-0.03217118,3.3326964,0.0,-1.4936571
37.373554,1.0,-32.421875,0.011201424,0.04798345,0.00053748296,15,5,0.0051421686,-0.0009382007,0,-81.66087,2.699235,0.0,-97.16808
-77.0345,0.0,4.3476562,-0.0076593803,0.050429326,-0.0003862574,1,6,0.0038833262,0.029333526,0,-20.243069,30.41445,0.0,0.6585541
-40.168427,0.0,12.6171875,0.00048631863,0.050190087,2.4408375e-05,2,6,0.0046617854,0.0030642853,1,51.23274,4.2057247,0.0,110.626816
-65.4331,1.0,-33.921875,-0.01116653,0.04288518,-0.00047887865,13,6,0.0016807178,0.0060264794,1,10.266773,4.847604,-0.009440761,97.23083
-33.228565,1.0,-5.213867,0.010562203,0.06710367,0.00070876256,18,6,0.015390583,0.010404083,0,-13.502533,-0.1046,0.0,14.906296
47.791004,0.0,29.557617,0.0025766606,0.067177236,0.00017309294,19,6,0.002056479,0.011005809,1,4.646565,14.708112,0.0,334.81595
78.7378,1.0,-22.500977,0.0076820194,0.068582885,0.00052685506,21,6,0.009180629,0.0039611263,1,-5.959809,5.7847567,0.0,64.86277
49.893005,0.0,10.200195,-0.009706696,0.071393095,-0.000692991,3,0,0.00453138,-0.005459069,0,2.5234494,0.49016044,68.96485,6.7431355
10.556342,0.0,48.655273,0.0028463737,0.07149205,0.0002034931,4,0,-0.0027817092,0.004324195,0,4.218689,-0.22012518,0.0,84.96873
-126.855385,1.0,-44.24121,-0.014522512,0.061425112,-0.00089204696,4,1,-0.029887484,-0.012128906,0,0.5760877,-4.155222,-4.7552776,29.718342
-251.46732,1.0,-9.661133,0.0026690895,0.060972344,0.00016274065,5,1,0.0014709887,-0.016444508,0,-1.8614773,4.3283505,-1.6005055,-33.12659
59.32914,1.0,-11.624023,-0.05012887,0.07753015,-0.003886499,8,1,-0.0655429,-0.09262337,1,19.618927,29.987833,0.0,416.7166
-57.479195,0.0,3.6484375,-0.052805204,0.09787112,-0.005168104,10,1,-0.0731485,-0.13168588,0,5.6502466,3.2298784,-8.667562,230.47626
127.69369,0.0,7.3603516,-0.02603012,0.11087227,-0.0028860185,13,1,-0.03124451,-0.043722987,1,-38.32379,2.9411817,-11.8632345,355.64426
-140.2464,0.0,33.813477,-0.03943805,0.11264833,-0.0044426303,14,1,-0.04193698,-0.06662948,0,2.149611,-3.7735183,-4.789601,212.82446
-98.76161,1.0,-31.267578,-0.024866188,0.12237918,-0.0030431035,17,1,-0.025490174,-0.044905264,1,2.550159,10.054127,0.0,158.58066
-141.09348,1.0,-15.78418,0.010251098,0.1317815,0.0013509052,19,1,0.018316831,0.032090563,0,5.917347,15.586281,0.002134687,431.34283
151.9015,0.0,21.728516,-0.048039217,0.13503958,-0.006487196,21,1,-0.05112986,-0.0872864,1,-4.670429,8.818466,-0.00024067816,213.84122
3.4946265,0.0,15.329102,-0.03357107,0.13413961,-0.00450321,10,2,-0.047290973,-0.064870246,1,-23.687057,15.181767,-3.7848332,-87.46737
-250.99585,0.0,46.51172,-0.044584185,0.13476487,-0.0060083815,11,2,-0.055570118,-0.069444485,0,5.7713604,2.480269,-12.649858,-27.110071
118.97586,1.0,-46.683594,-0.059460063,0.13468765,-0.008008536,15,2,-0.06930976,-0.11187255,0,22.734652,49.034775,0.0,337.48975
106.717354,0.0,1.2597656,0.0050715916,0.13078436,0.00066328485,16,2,0.010956197,0.004537017,0,13.672295,76.76819,8.105038,347.34204
-35.000256,1.0,-39.039062,0.03677102,0.17539582,0.0064494833,21,2,0.066772535,0.10367983,0,0.59242404,5.721196,-3.782801,1.1568115
17.165405,1.0,-7.5527344,-0.011250363,0.17772567,-0.0019994783,6,3,0.004631059,0.027028,0,-0.0053969985,90.5418,2.9049718,228.97375
24.236416,1.0,-4.0742188,0.010287742,0.16372071,0.0016843164,16,3,0.003835696,0.09740674,1,-5.2340565,32.52743,89.02472,155.6938
-59.01405,1.0,-23.56543,-0.019337917,0.14858702,-0.0028733634,18,3,-0.03391936,-0.070370324,0,229.15692,132.52818,2.6297886,632.2313
40.59409,0.0,40.58789,-0.027665338,0.121867895,-0.0033715165,22,3,-0.028716194,-0.020833313,1,13.144418,41.446827,2.3552082,219.46606
-8.587123,1.0,-12.818359,0.021141581,0.11663716,0.002465894,1,4,0.032293737,0.045500923,1,-2.8046124,-10.274395,1.1016138,57.021343
140.41975,0.0,9.537109,0.014308523,0.1159285,0.0016587657,7,4,0.001577263,0.014867872,1,-5.3054748,-0.0496,0.0,47.60803
-82.771225,1.0,-37.916016,-0.02358445,0.10500606,-0.0024765101,15,4,-0.017285133,-0.040577035,0,4.10745,92.36277,20.176775,1156.9515
-114.6324,0.0,44.933594,0.0072281454,0.105191,0.0007603358,16,4,-0.005831159,-0.00694878,0,-5.52683,71.00136,4.8229876,30.174316
51.25841,0.0,10.423828,0.022725934,0.08863347,0.0020142784,0,5,0.020960996,0.023866221,0,-10.823544,8.01145,0.0,51.810352
-12.314996,0.0,2.2177734,-0.01872658,0.08366154,-0.0015666946,10,5,-0.01347394,-0.010778658,0,0.4830845,68.57371,0.28811508,-123.83266
82.75898,1.0,-2.2363281,0.013965597,0.08588547,0.001199442,13,5,0.013842158,0.010667383,0,-7.415989,23.646519,0.0,-103.21694
57.41744,0.0,15.634766,0.0014299434,0.085373275,0.00012207894,14,5,0.0033234088,-0.0026192972,0,0.3180426,5.8580785,0.28163654,-16.286957
-20.452578,0.0,43.231445,-0.0045136195,0.082111806,-0.00037062145,16,5,0.0044563278,0.01324523,0,14.159554,-9.963282,0.2844828,29.885172
21.275517,1.0,-43.44336,0.010993702,0.07704764,0.0008470388,19,5,0.011976528,-0.003962913,1,13.144426,-9.023245,0.0,-161.64674
-124.72314,0.0,2.4326172,0.010743614,0.08927516,0.00095913786,2,6,0.014208101,0.012258452,0,7.7346663,0.4498319,0.28499505,94.86235
-97.292244,1.0,-7.9941406,-0.0061268755,0.08971729,-0.00054968667,4,6,-0.0055043264,-0.008087085,1,24.510906,14.144642,0.14207065,328.195
-35.936653,0.0,11.706055,-0.0076306826,0.07123401,-0.0005435641,7,6,-0.009873536,-0.010415613,1,-2.013112,16.499878,-0.081860825,425.16083
-189.66412,1.0,-10.96875,-0.01150666,0.07249506,-0.00083417597,13,6,-0.016698452,-0.032476384,0,0.13797969,3.353036,0.0,0.78519
-102.237946,0.0,11.822266,0.001900989,0.07268749,0.00013817812,14,6,0.017258838,0.006930145,1,-6.924785,2.6253567,4.404149,-7.1489
-86.64658,1.0,-10.875,0.007013569,0.072832614,0.0005108166,19,6,-0.0015397706,0.012148133,1,5.328097,3.032,20.69352,66.04954
110.753654,1.0,-19.701172,-0.0007682197,0.07169635,-5.5078548e-05,20,6,0.008578337,0.0012660752,1,12.904391,6.2948704,-14.238099,14.785072
-49.922592,1.0,-10.667969,0.027982706,0.087890126,0.0024594036,0,0,0.035276633,0.018619562,0,0.0,4.505853,0.0,101.56156
40.012924,0.0,15.787109,-0.0036935143,0.08655435,-0.00031968972,4,0,-0.0015237862,0.0017079994,0,1.0924132,0.47509795,0.0,69.180214
34.978954,1.0,-39.621094,-0.012815933,0.08541408,-0.0010946611,6,0,-0.00946432,-0.016945917,0,-0.6902099,0.25,0.0,1.901222
25.204643,1.0,-43.95508,-0.011492712,0.10462293,-0.0012024012,19,0,-0.015590019,-0.015640719,0,-3.545834,0.44552943,0.0,19.671597
-85.08918,0.0,45.75586,-0.015664889,0.098649,-0.0015453256,20,1,-0.015512904,-0.016929062,0,8.341965,31.219479,7.2263846,284.092
-135.01503,1.0,-15.576172,-0.011301769,0.09824326,-0.0011103227,22,1,-0.008384095,-0.012545252,0,2.1082222,41.039497,0.0,4.614832
-30.29939,0.0,49.27246,0.00590369,0.093669705,0.00055299693,23,1,0.006844477,-0.0012887773,1,7.4510546,13.737592,-24.133179,7.819426
14.82063,1.0,-40.01465,0.028940644,0.09620391,0.002784203,7,2,0.020643586,0.030371184,1,5.399106,116.121124,-0.91387737,12.787645
47.444313,1.0,-42.6416,-0.00023968582,0.09572286,-2.2943412e-05,8,2,0.0046435115,-0.0022498388,1,0.13630024,0.6080669,-4.6052403,-49.678448
93.78957,0.0,20.44043,0.013917393,0.08767591,0.00122022,10,2,0.011184981,0.021597601,1,-0.5621596,27.495266,0.0,103.41559
84.35731,0.0,4.7597656,-0.0014228709,0.0866359,-0.0001232717,11,2,-0.0034877928,-0.0051259478,0,1.2580739,1.4343,0.0,29.453173
-71.140305,0.0,23.894531,0.0017387718,0.08485966,0.00014755159,12,2,0.008099976,-0.00082962075,0,4.12921,35.094482,2.5957408,-6.958239
4.4706106,0.0,39.4209,-0.0023487816,0.065638125,-0.00015416961,17,2,0.005320221,0.02643846,0,-0.4275881,40.528397,0.0,-66.161194
-32.21008,0.0,11.1640625,-0.009345446,0.06423353,-0.00060029095,19,2,-0.0053559253,-0.0105925845,0,-0.39087105,-1.7896227,0.0,-178.76537
-69.03567,1.0,-32.549805,-0.014412493,0.057422385,-0.0008275997,5,3,-0.011872146,-0.017335728,0,0.06646766,-15.017324,0.0,2.0879178
-50.467285,0.0,33.26953,0.005739666,0.05754102,0.00033026625,6,3,0.008410329,0.010287817,1,-6.5143385,60.21737,0.0,11.477703
-38.6323,1.0,-32.1084,-0.005668638,0.05304183,-0.00030067493,7,3,-0.01273946,0.0072641326,1,-7.165676,-41.985046,0.0,32.26882
-4.1748295,1.0,-40.05664,0.0048515527,0.053462047,0.00025937395,18,3,0.01877254,0.011044639,0,-0.5105963,11.368079,25.435944,0.7239038
-122.23408,0.0,23.673828,-0.004698402,0.057219286,-0.00026883918,4,4,-9.334789e-05,0.00063017086,1,1.9602313,5.07716,28.844044,2.4669814
-176.4578,1.0,-38.10547,-0.0053610764,0.05581846,-0.00029924704,5,4,-0.0030815657,-0.0022991907,1,0.6719807,26.19945,-30.545816,0.23187354
-72.89334,0.0,43.45117,-0.030082427,0.063172415,-0.0019003795,8,4,-0.031092482,-0.058326382,1,0.27232233,76.15879,-0.92818385,-388.7311
112.69887,0.0,12.500977,-0.003568245,0.07052942,-0.00025166626,12,4,0.0032861857,-0.00022880184,0,4.6076884,-2.5871704,0.0,-1.2008839
8.197859,1.0,-5.838867,0.0086315,0.05251186,0.00045325613,22,1,0.0077939793,0.0121529475,1,-0.19214454,3.4318306,0.0,-0.19214454
43.54289,1.0,-28.384766,0.0031881235,0.049102023,0.00015654332,2,2,0.0035182755,0.0005443132,1,-0.01379081,39.430748,0.0,-0.06929081
20.42073,1.0,-37.11328,-0.00097290345,0.047925886,-4.662726e-05,3,2,0.0004651005,-0.0049680066,0,0.24384399,0.0,-0.00027585565,9.143683
-54.54213,0.0,24.27832,0.0068495343,0.048584405,0.00033278056,4,2,0.018916534,0.007194238,0,1.2973878,39.822334,-3.9378006,1.5520957
-11.330521,1.0,-37.29004,0.0031508403,0.045763496,0.00014419347,9,2,-0.004701601,0.00052289333,0,-1.4694499,376.8211,0.0,13.91555
-58.82284,0.0,24.952148,-0.005582438,0.046228554,-0.00025806803,13,2,-0.00082023616,-0.0058419704,0,0.17539997,29.664692,0.0,0.26115286
-70.930855,0.0,35.08008,0.0011222142,0.045083947,5.0593848e-05,14,2,-0.0009258154,-0.0039993743,0,5.1722803,30.791115,0.0,5.1722803
-5.525336,0.0,35.749023,0.015169045,0.037257746,0.00056516443,1,3,0.01923834,0.009307748,0,3.9125822,-65.48563,0.0,2.4171605
-12.305765,0.0,42.76953,0.00077697024,0.037467923,2.9111461e-05,2,3,0.004933888,0.0052009155,0,0.0745,-17.154324,0.0,-7.8916893
-2.9278162,0.0,43.72754,0.00010594186,0.037411198,3.963412e-06,3,3,0.0018170632,-0.004782677,1,-0.30088744,-36.566963,4.4459357,-0.30088744
-21.917305,0.0,23.347656,-0.0022534826,0.03624191,-8.1670514e-05,4,3,-0.007865656,-0.003859181,0,-0.58575,-17.651846,0.0,-46.40295
-4.316968,0.0,27.768555,0.00048993994,0.035839174,1.7559043e-05,5,3,0.00036919152,0.00014621668,1,2.1497,54.967373,0.0,3.63545
-79.288826,0.0,10.361328,-0.0019281871,0.03581281,-6.90538e-05,6,3,-0.005412274,-0.0038442917,0,-0.03215314,-77.58892,0.0,0.18858902
-91.62452,0.0,15.40625,0.0005599023,0.035687976,1.9981779e-05,7,3,-1.7685099e-05,-0.002758606,1,-0.35322577,29.799889,0.0,0.8065242
-130.33301,1.0,-31.536133,-0.005206907,0.032454837,-0.00016898933,8,3,-0.005848156,-0.0022659798,0,2.5883427,7.0803366,0.0,14.648592
-32.748867,1.0,-1.4746094,0.0033519145,0.032401897,0.00010860839,9,3,0.0049051144,-0.0008406076,1,1.8847001,68.72469,0.0,-73.72274
20.52836,1.0,-2.3378906,-0.012562651,0.041329972,-0.000519214,15,3,-0.021740757,-0.018811265,0,-390.04327,-16.422136,0.0,-441.4347
-77.88163,1.0,-15.263672,0.010626363,0.042129252,0.0004476807,9,4,0.017284274,0.015878476,0,0.00763753,267.63116,0.0,0.00763753
-46.334106,0.0,17.035156,0.003806698,0.03709668,0.00014121585,10,4,0.0023281912,0.004115711,1,0.022990946,152.30856,0.0,0.22789894
27.369678,1.0,-14.519531,-0.003704891,0.03681892,-0.00013641009,11,4,-0.0046841153,0.00019145735,0,1.9189094,20.756605,0.0,3.2280645
125.32509,0.0,15.172852,0.0034991987,0.035999246,0.00012596851,12,4,0.012575501,0.005278041,1,0.7430689,-0.60321873,0.11860997,13.253713
